﻿Designator,Footprint,Quantity,Value,LCSC Part #
12V+,TestPoint_Plated_Hole_D2.0mm,1,12V+,
12V-,TestPoint_Plated_Hole_D2.0mm,1,12V-,
"C1, C2, C3, C5",0805,4,100nF,
"C10, C12, C14, C7, C9",0805,5,0.1uF,
C11,0805,1,10uF,
C13,0805,1,47uF,
"C4, C6",0805,2,47pF,
C8,0805,1,1uf,
"CC1, CC2, MUX",PinHeader_1x01_P2.54mm_Vertical,3,Conn_01x01_Pin,
D1,SOT-143,1,SP0503BAHT,
GND,TestPoint_Plated_Hole_D2.0mm,1,TestpointGND,
J2,CUI_UJ31-CH-G2-SMT-TR,1,UJ31-CH-G2-SMT-TR,
L2,0805,1,3.3uH,
"R1, R2",0805,2,27,
R3,0805,1,4.7k,
"R4, R9",0805,2,10k,
R5,0805,1,400,
"R6, R7",0805,2,5.1k,
R8,0805,1,73k,
U1,SSOP-16_3.9x4.9mm_P0.635mm,1,FT230XS-R,
U2,DBV5-L,1,TLV70130DBVR,
U3,PW8,1,TPS2115APW,
U5,SOT-563,1,TPS562231DRLR,
"[TX, RX]",PinSocket_1x02_P2.54mm_Vertical,1,Conn_01x02_Pin,
"[VBUS, 5V]",PinHeader_1x02_P2.54mm_Vertical,1,Conn_01x02_Pin,
"[VBUS, D+, D-, GND]",PinHeader_1x04_P2.54mm_Vertical,1,Conn_01x04_Pin,
